orgId,nameOfficial,divisionRoman,conferenceId,conferenceName,webSiteUrl,athleticWebUrl
2,Abilene Christian University,I,923,Western Athletic Conference,www.acu.edu,www.acusports.com
5,University of Akron,I,875,Mid-American Conference,uakron.edu,gozips.com
8,University of Alabama,I,911,Southeastern Conference,www.ua.edu,www.rolltide.com
6,Alabama A&M University,I,916,Southwestern Athletic Conf.,www.aamu.edu,www.aamusports.com
7,Alabama State University,I,916,Southwestern Athletic Conf.,www.alasu.edu,www.bamastatesports.com
9,University of Alabama at Birmingham,I,823,American Athletic Conference,www.uab.edu,www.uabsports.com
14,University at Albany,I,845,America East Conference,www.albany.edu,www.ualbanysports.com
17,Alcorn State University,I,916,Southwestern Athletic Conf.,www.alcorn.edu,www.alcornsports.com
23,American University,I,838,Patriot League,american.edu,www.aueagles.com
27,Appalachian State University,I,818,Sun Belt Conference,www.appstate.edu,appstatesports.com
29,University of Arizona,I,25354,Big 12 Conference,www.arizona.edu,www.arizonawildcats.com
28,Arizona State University,I,25354,Big 12 Conference,asu.edu,thesundevils.com
30,Arkansas State University,I,818,Sun Belt Conference,www.astate.edu,www.astateredwolves.com
31,"University of Arkansas, Fayetteville",I,911,Southeastern Conference,www.uark.edu/,arkansasrazorbacks.com/
32,University of Arkansas at Little Rock,I,902,Ohio Valley Conference,www.ualr.edu,//lrtrojans.com
2678,"University of Arkansas, Pine Bluff",I,916,Southwestern Athletic Conf.,www.uapb.edu,uapblionsroar.com/
37,Auburn University,I,911,Southeastern Conference,www.auburn.edu,www.auburntigers.com
43,Austin Peay State University,I,920,Atlantic Sun Conference,www.apsu.edu,www.letsgopeay.com
47,Ball State University,I,875,Mid-American Conference,www.bsu.edu,www.ballstatesports.com
51,Baylor University,I,25354,Big 12 Conference,www.baylor.edu,www.baylorbears.com
52,Bellarmine University,I,920,Atlantic Sun Conference,www.bellarmine.edu,athletics.bellarmine.edu
14927,Belmont University,I,884,Missouri Valley Conference,www.belmont.edu,www.belmontbruins.com
61,Bethune-Cookman University,I,916,Southwestern Athletic Conf.,www.cookman.edu,www.bcuathletics.com
62,Binghamton University,I,845,America East Conference,www.binghamton.edu,www.bubearcats.com
66,Boise State University,I,5486,Mountain West Conference,www.boisestate.edu,www.broncosports.com
67,Boston College,I,821,Atlantic Coast Conference,www.bc.edu,www.bceagles.com
68,Boston University,I,838,Patriot League,www.bu.edu,www.goterriers.com
71,Bowling Green State University,I,875,Mid-American Conference,www.bgsu.edu,www.bgsufalcons.com
72,Bradley University,I,884,Missouri Valley Conference,www.bradley.edu,www.bradleybraves.com
77,Brigham Young University,I,25354,Big 12 Conference,www.byu.edu,byucougars.com
80,Brown University,I,865,The Ivy League,www.brown.edu,www.brownbears.com
81,Bryant University,I,845,America East Conference,www.bryant.edu,www.bryantbulldogs.com
83,Bucknell University,I,838,Patriot League,bucknell.edu,bucknellbison.com
86,"University at Buffalo, the State University of New York",I,875,Mid-American Conference,www.buffalo.edu,www.ubbulls.com
87,Butler University,I,30184,Big East Conference,www.butler.edu,www.butlersports.com
30135,California Baptist University,I,923,Western Athletic Conference,www.calbaptist.edu,www.cbulancers.com
90,California Polytechnic State University,I,904,Big West Conference,calpoly.edu,gopoly.com
94,"California State University, Bakersfield",I,904,Big West Conference,www.csub.edu,www.gorunners.com
96,"California State University, Fresno",I,5486,Mountain West Conference,www.fresnostate.edu,www.gobulldogs.com
97,"California State University, Fullerton",I,904,Big West Conference,www.fullerton.edu,www.fullertontitans.com
101,"California State University, Northridge",I,904,Big West Conference,www.csun.edu,www.GoMatadors.com
102,"California State University, Sacramento",I,825,Big Sky Conference,www.csus.edu,www.hornetsports.com
107,"University of California, Berkeley",I,821,Atlantic Coast Conference,www.berkeley.edu,www.calbears.com
108,"University of California, Davis",I,904,Big West Conference,www.ucdavis.edu,www.ucdavisaggies.com
109,"University of California, Irvine",I,904,Big West Conference,www.uci.edu,https://ucirvinesports.com/
110,"University of California, Los Angeles",I,827,Big Ten Conference,www.ucla.edu,www.uclabruins.com
111,"University of California, Riverside",I,904,Big West Conference,www.ucr.edu,www.gohighlanders.com/
112,"University of California, San Diego",I,904,Big West Conference,www.ucsd.edu,www.ucsdtritons.com
104,"University of California, Santa Barbara",I,904,Big West Conference,www.ucsb.edu,ucsbgauchos.com
115,Campbell University,I,837,Coastal Athletic Association,www.campbell.edu,www.gocamels.com
116,Canisius University,I,871,Metro Atlantic Athletic Conference,www.canisius.edu,www.gogriffs.com
1004,University of Central Arkansas,I,920,Atlantic Sun Conference,www.uca.edu,www.ucasports.com
127,Central Connecticut State University,I,846,Northeast Conference,www.ccsu.edu,www.ccsubluedevils.com
128,University of Central Florida,I,25354,Big 12 Conference,www.ucf.edu,www.ucfknights.com/
129,Central Michigan University,I,875,Mid-American Conference,www.cmich.edu,www.cmuchippewas.com
1014,College of Charleston (South Carolina),I,837,Coastal Athletic Association,www.cofc.edu,www.cofcsports.com
48,Charleston Southern University,I,826,Big South Conference,https://www.charlestonsouthern.edu/,csusports.com/
136,Chicago State University,I,846,Northeast Conference,www.csu.edu,www.gocsucougars.com
140,University of Cincinnati,I,25354,Big 12 Conference,uc.edu,gobearcats.com/
141,The Citadel,I,912,Southern Conference,www.citadel.edu,www.citadelsports.com
147,Clemson University,I,821,Atlantic Coast Conference,clemson.edu,clemsontigers.com
148,Cleveland State University,I,881,Horizon League,www.csuohio.edu,www.csuvikings.com
149,Coastal Carolina University,I,818,Sun Belt Conference,www.coastal.edu,www.goccusports.com
153,Colgate University,I,838,Patriot League,www.colgate.edu,gocolgateraiders.com
157,"University of Colorado, Boulder",I,25354,Big 12 Conference,www.colorado.edu/,www.cubuffs.com/
156,Colorado State University,I,5486,Mountain West Conference,www.colostate.edu,www.csurams.com
158,Columbia University-Barnard College,I,865,The Ivy League,www.columbia.edu,www.gocolumbialions.com/
164,University of Connecticut,I,30184,Big East Conference,www.uconn.edu,www.uconnhuskies.com
165,Coppin State University,I,876,Mid-Eastern Athletic Conf.,www.coppin.edu,www.coppinstatesports.com
167,Cornell University,I,865,The Ivy League,www.cornell.edu,www.cornellbigred.com
169,Creighton University,I,30184,Big East Conference,www.creighton.edu/node/165768,gocreighton.com/
172,Dartmouth College,I,865,The Ivy League,www.dartmouth.edu,www.dartmouthsports.com
173,Davidson College,I,820,Atlantic 10 Conference,www.davidson.edu,www.davidsonwildcats.com
175,University of Dayton,I,820,Atlantic 10 Conference,www.udayton.edu,www.daytonflyers.com
180,University of Delaware,I,837,Coastal Athletic Association,www.udel.edu,www.bluehens.com
178,Delaware State University,I,876,Mid-Eastern Athletic Conf.,www.desu.edu,www.dsuhornets.com/
183,University of Denver,I,819,The Summit League,www.du.edu,denverpioneers.com
176,DePaul University,I,30184,Big East Conference,www.depaul.edu,www.depaulbluedemons.com
184,University of Detroit Mercy,I,881,Horizon League,www.udmercy.edu,www.detroittitans.com
189,Drake University,I,884,Missouri Valley Conference,https://www.drake.edu/,godrakebulldogs.com/
191,Drexel University,I,837,Coastal Athletic Association,www.drexel.edu,www.drexeldragons.com
193,Duke University,I,821,Atlantic Coast Conference,www.duke.edu,www.goduke.com
194,Duquesne University,I,820,Atlantic 10 Conference,www.duq.edu,www.GoDuquesne.com
196,East Carolina University,I,823,American Athletic Conference,www.ecu.edu,www.ecupirates.com
198,East Tennessee State University,I,912,Southern Conference,www.etsu.edu,www.etsubucs.com
201,Eastern Illinois University,I,902,Ohio Valley Conference,www.eiu.edu,www.eiupanthers.com
202,Eastern Kentucky University,I,920,Atlantic Sun Conference,www.eku.edu,www.ekusports.com
204,Eastern Michigan University,I,875,Mid-American Conference,www.emich.edu,www.emueagles.com
207,Eastern Washington University,I,825,Big Sky Conference,www.ewu.edu/,goeags.com
1068,Elon University,I,837,Coastal Athletic Association,www.elon.edu,www.elonphoenix.com
219,University of Evansville,I,884,Missouri Valley Conference,www.evansville.edu,www.gopurpleaces.com
220,Fairfield University,I,871,Metro Atlantic Athletic Conference,fairfield.edu,fairfieldstags.com
222,"Fairleigh Dickinson University, Metropolitan Campus",I,846,Northeast Conference,www.fdu.edu,www.fduknights.com
235,University of Florida,I,911,Southeastern Conference,www.ufl.edu,www.floridagators.com
228,Florida A&M University,I,916,Southwestern Athletic Conf.,www.famu.edu,www.famuathletics.com/
229,Florida Atlantic University,I,823,American Athletic Conference,www.fau.edu,www.fausports.com
28755,Florida Gulf Coast University,I,920,Atlantic Sun Conference,https://www.fgcu.edu/,fgcuathletics.com/
231,Florida International University,I,24312,Conference USA,www.fiu.edu,www.fiusports.com
234,Florida State University,I,821,Atlantic Coast Conference,www.fsu.edu,www.seminoles.com
236,Fordham University,I,820,Atlantic 10 Conference,www.fordham.edu,www.fordhamsports.com
244,Furman University,I,912,Southern Conference,www.furman.edu,www.furmanpaladins.com
1092,Gardner-Webb University,I,826,Big South Conference,gardner-webb.edu,gwusports.com/
248,George Mason University,I,820,Atlantic 10 Conference,www.gmu.edu,www.gomason.com
249,George Washington University,I,820,Atlantic 10 Conference,www.gwu.edu,www.gwsports.com/index.html
251,Georgetown University,I,30184,Big East Conference,georgetown.edu,guhoyas.com
257,University of Georgia,I,911,Southeastern Conference,www.uga.edu,www.georgiadogs.com
255,Georgia Institute of Technology,I,821,Atlantic Coast Conference,www.gatech.edu,www.ramblinwreck.com
253,Georgia Southern University,I,818,Sun Belt Conference,georgiasouthern.edu,gseagles.com
254,Georgia State University,I,818,Sun Belt Conference,gsu.edu,georgiastatesports.com
260,Gonzaga University,I,922,West Coast Conference,www.gonzaga.edu,www.gozags.com
261,Grambling State University,I,916,Southwestern Athletic Conf.,www.gram.edu,www.gsutigers.com
1104,Grand Canyon University,I,923,Western Athletic Conference,www.gcu.edu/,www.gculopes.com
270,Hampton University,I,837,Coastal Athletic Association,hamptonu.edu,hamptonpirates.com
272,University of Hartford,I,839,Conference of New England,www.hartford.edu,hartfordhawks.com
275,Harvard University,I,865,The Ivy League,harvard.edu,gocrimson.com
277,"University of Hawaii, Manoa",I,904,Big West Conference,manoa.hawaii.edu,hawaiiathletics.com
19651,High Point University,I,826,Big South Conference,www.highpoint.edu,www.highpointpanthers.com
283,Hofstra University,I,837,Coastal Athletic Association,www.hofstra.edu,www.gohofstra.com
285,College of the Holy Cross,I,838,Patriot League,www.holycross.edu,goholycross.com/
288,University of Houston,I,25354,Big 12 Conference,www.uh.edu,www.uhcougars.com
287,Houston Christian University,I,914,Southland Conference,www.hc.edu,www.hcuhuskies.com
290,Howard University,I,876,Mid-Eastern Athletic Conf.,www.howard.edu,www.hubison.com
295,University of Idaho,I,825,Big Sky Conference,www.uidaho.edu/,www.govandals.com
294,Idaho State University,I,825,Big Sky Conference,www.isu.edu,www.isubengals.com
299,Illinois State University,I,884,Missouri Valley Conference,IllinoisState.edu,GoRedbirds.com
302,University of Illinois Chicago,I,884,Missouri Valley Conference,www.uic.edu,www.uicflames.com
301,University of Illinois Urbana-Champaign,I,827,Big Ten Conference,illinois.edu,www.fightingillini.com
2743,University of the Incarnate Word,I,914,Southland Conference,www.uiw.edu,uiwcardinals.com
2699,Indiana University Indianapolis,I,881,Horizon League,indianapolis.iu.edu/,iuindyjags.com/
305,Indiana State University,I,884,Missouri Valley Conference,www.indstate.edu,www.gosycamores.com
306,"Indiana University, Bloomington",I,827,Big Ten Conference,www.iub.edu,www.iuhoosiers.com
310,Iona University,I,871,Metro Atlantic Athletic Conference,www.iona.edu,www.ionagaels.com
312,University of Iowa,I,827,Big Ten Conference,www.uiowa.edu,www.hawkeyesports.com
311,Iowa State University,I,25354,Big 12 Conference,www.iastate.edu,www.cyclones.com
314,Jackson State University,I,916,Southwestern Athletic Conf.,www.jsums.edu/,www.gojsutigers.com
315,Jacksonville State University,I,24312,Conference USA,www.jsu.edu,www.jaxstatesports.com
316,Jacksonville University,I,920,Atlantic Sun Conference,www.ju.edu,www.judolphins.com
317,James Madison University,I,818,Sun Belt Conference,www.jmu.edu/,www.jmusports.com
328,University of Kansas,I,25354,Big 12 Conference,ku.edu,kuathletics.com
327,Kansas State University,I,25354,Big 12 Conference,www.k-state.edu,www.kstatesports.com
1157,Kennesaw State University,I,24312,Conference USA,www.kennesaw.edu/,www.ksuowls.com
331,Kent State University,I,875,Mid-American Conference,www.kent.edu,www.kentstatesports.com
334,University of Kentucky,I,911,Southeastern Conference,www.uky.edu,www.ukathletics.com
340,La Salle University,I,820,Atlantic 10 Conference,www.lasalle.edu/,www.goexplorers.com/
342,Lafayette College,I,838,Patriot League,www.lafayette.edu,www.goleopards.com
346,Lamar University,I,914,Southland Conference,www.lamar.edu,www.lamarcardinals.com
349,Le Moyne College,II,846,Northeast Conference,www.lemoyne.edu/,www.lemoynedolphins.com
352,Lehigh University,I,838,Patriot League,www.lehigh.edu,www.lehighsports.com
355,Liberty University,I,24312,Conference USA,www.liberty.edu,www.LibertyFlames.com
30136,Lindenwood University,II,902,Ohio Valley Conference,www.lindenwood.edu,lindenwoodlions.com
28600,Lipscomb University,I,920,Atlantic Sun Conference,www.lipscomb.edu,www.lipscombsports.com
99,Long Beach State University,I,904,Big West Conference,www.csulb.edu,longbeachstate.com
361,Long Island University,I,846,Northeast Conference,liu.edu,www.liuathletics.com
363,Longwood University,I,826,Big South Conference,www.longwood.edu/,longwoodlancers.com
365,Louisiana State University,I,911,Southeastern Conference,www.lsu.edu,www.lsusports.net
366,Louisiana Tech University,I,24312,Conference USA,www.latech.edu/,www.latechsports.com/
671,University of Louisiana at Lafayette,I,818,Sun Belt Conference,www.louisiana.edu,www.ragincajuns.com
498,University of Louisiana Monroe,I,818,Sun Belt Conference,www.ulm.edu,www.ulmwarhawks.com
367,University of Louisville,I,821,Atlantic Coast Conference,www.louisville.edu/,www.gocards.com
370,Loyola Marymount University,I,922,West Coast Conference,www.lmu.edu,www.LMULions.com
371,Loyola University Chicago,I,820,Atlantic 10 Conference,www.luc.edu,www.loyolaramblers.com
369,Loyola University Maryland,I,838,Patriot League,www.loyola.edu,www.loyolagreyhounds.com
380,University of Maine,I,845,America East Conference,umaine.edu,goblackbears.com
381,Manhattan University,I,871,Metro Atlantic Athletic Conference,www.manhattan.edu,www.gojaspers.com
386,Marist College,I,871,Metro Atlantic Athletic Conference,marist.edu,goredfoxes.com
387,Marquette University,I,30184,Big East Conference,www.marquette.edu,www.gomarquette.com
388,Marshall University,I,818,Sun Belt Conference,www.marshall.edu,www.herdzone.com
393,University of Maryland Eastern Shore,I,876,Mid-Eastern Athletic Conf.,wwwcp.umes.edu,https://umeshawksports.com/
391,"University of Maryland, Baltimore County",I,845,America East Conference,www.umbc.edu/,UMBCRetrievers.com
392,"University of Maryland, College Park",I,827,Big Ten Conference,www.umd.edu,www.umterps.com
400,"University of Massachusetts, Amherst",I,820,Atlantic 10 Conference,www.umass.edu,www.umassathletics.com
368,University of Massachusetts Lowell,I,845,America East Conference,www.uml.edu/,www.goriverhawks.com
402,McNeese State University,I,914,Southland Conference,www.mcneese.edu/,www.mcneesesports.com
404,University of Memphis,I,823,American Athletic Conference,www.memphis.edu,www.gotigersgo.com
406,Mercer University,I,912,Southern Conference,www2.mercer.edu/default.htm,www.mercerbears.com
408,Mercyhurst University,II,846,Northeast Conference,mercyhurst.edu,www.hurstathletics.com
410,Merrimack College,I,871,Metro Atlantic Athletic Conference,www.merrimack.edu,www.merrimackathletics.com
415,University of Miami (Florida),I,821,Atlantic Coast Conference,www.miami.edu,miamihurricanes.com/
414,Miami University (Ohio),I,875,Mid-American Conference,www.miamiOH.edu,www.miamiredhawks.com
418,University of Michigan,I,827,Big Ten Conference,www.umich.edu,www.mgoblue.com
416,Michigan State University,I,827,Big Ten Conference,www.msu.edu,msuspartans.com/
419,Middle Tennessee State University,I,24312,Conference USA,www.mtsu.edu/,www.goblueraiders.com
428,"University of Minnesota, Twin Cities",I,827,Big Ten Conference,www.umn.edu,www.gophersports.com
433,University of Mississippi,I,911,Southeastern Conference,www.olemiss.edu,www.olemisssports.com
430,Mississippi State University,I,911,Southeastern Conference,www.msstate.edu,www.hailstate.com
432,Mississippi Valley State University,I,916,Southwestern Athletic Conf.,www.mvsu.edu,www.mvsusports.com
669,Missouri State University,I,884,Missouri Valley Conference,www.missouristate.edu,www.missouristatebears.com
434,"University of Missouri, Columbia",I,911,Southeastern Conference,www.missouri.edu,www.mutigers.com
2707,University of Missouri-Kansas City,I,819,The Summit League,www.umkc.edu,www.kcroos.com
439,Monmouth University,I,837,Coastal Athletic Association,www.monmouth.edu/,www.monmouthhawks.com
441,University of Montana,I,825,Big Sky Conference,www.umt.edu,www.gogriz.com
440,Montana State University-Bozeman,I,825,Big Sky Conference,www.montana.edu/,www.msubobcats.com
444,Morehead State University,I,902,Ohio Valley Conference,www.moreheadstate.edu,www.msueagles.com
446,Morgan State University,I,876,Mid-Eastern Athletic Conf.,www.morgan.edu,www.morganstatebears.com
450,Mount St. Mary's University,I,871,Metro Atlantic Athletic Conference,www.msmary.edu,www.mountathletics.com
454,Murray State University,I,884,Missouri Valley Conference,www.murraystate.edu/,www.goracers.com
464,University of Nebraska Omaha,I,819,The Summit League,www.unomaha.edu/,www.omavs.com
463,University of Nebraska-Lincoln,I,827,Big Ten Conference,www.unl.edu,www.huskers.com
465,"University of Nevada, Las Vegas",I,5486,Mountain West Conference,www.unlv.edu/,unlvrebels.com
466,"University of Nevada, Reno",I,5486,Mountain West Conference,www.unr.edu,nevadawolfpack.com
469,University of New Hampshire,I,845,America East Conference,www.unh.edu,www.unhwildcats.com
471,New Jersey Institute of Technology,I,845,America East Conference,www.njit.edu,www.njithighlanders.com
473,University of New Mexico,I,5486,Mountain West Conference,www.unm.edu/,www.golobos.com
472,New Mexico State University,I,24312,Conference USA,www.nmsu.edu,www.nmstatesports.com
474,University of New Orleans,I,914,Southland Conference,www.uno.edu,www.unoprivateers.com
482,Niagara University,I,871,Metro Atlantic Athletic Conference,www.niagara.edu,www.purpleeagles.com
483,Nicholls State University,I,914,Southland Conference,www.nicholls.edu,www.geauxcolonels.com
485,Norfolk State University,I,876,Mid-Eastern Athletic Conf.,www.nsu.edu,www.nsuspartans.com
487,University of North Alabama,I,920,Atlantic Sun Conference,www.una.edu,www.roarlions.com
456,University of North Carolina Asheville,I,826,Big South Conference,www.unca.edu,www.uncabulldogs.com
488,North Carolina A&T State University,I,837,Coastal Athletic Association,www.ncat.edu,www.ncataggies.com
489,North Carolina Central University,I,876,Mid-Eastern Athletic Conf.,www.nccu.edu,www.nccueaglepride.com
490,North Carolina State University,I,821,Atlantic Coast Conference,www.ncsu.edu,www.gopack.com
460,University of North Carolina Wilmington,I,837,Coastal Athletic Association,www.uncw.edu,www.uncwsports.com
457,"University of North Carolina, Chapel Hill",I,821,Atlantic Coast Conference,www.unc.edu,www.goheels.com
458,The University of North Carolina at Charlotte,I,823,American Athletic Conference,www.charlotte.edu,www.charlotte49ers.com
459,The University of North Carolina at Greensboro,I,912,Southern Conference,www.uncg.edu,www.uncgspartans.com
494,University of North Dakota,I,819,The Summit League,www.und.edu/,www.fightinghawks.com
493,North Dakota State University,I,819,The Summit League,www.ndsu.edu/,www.GoBison.com
2711,University of North Florida,I,920,Atlantic Sun Conference,www.unf.edu,www.unfospreys.com
497,University of North Texas,I,823,American Athletic Conference,www.unt.edu,www.meangreensports.com
500,Northeastern University,I,837,Coastal Athletic Association,www.northeastern.edu,www.nuhuskies.com
501,Northern Arizona University,I,825,Big Sky Conference,www.nau.edu,www.nauathletics.com
502,University of Northern Colorado,I,825,Big Sky Conference,https://www.unco.edu/,uncbears.com
503,Northern Illinois University,I,875,Mid-American Conference,www.niu.edu,www.niuhuskies.com
504,University of Northern Iowa,I,884,Missouri Valley Conference,uni.edu,unipanthers.com
505,Northern Kentucky University,I,881,Horizon League,www.nku.edu,www.nkunorse.com
508,Northwestern State University,I,914,Southland Conference,www.nsula.edu,www.nsudemons.com
509,Northwestern University,I,827,Big Ten Conference,www.northwestern.edu,www.nusports.com
513,University of Notre Dame,I,821,Atlantic Coast Conference,www.nd.edu,www.und.com
514,Oakland University,I,881,Horizon League,www.oakland.edu,goldengrizzlies.com
518,The Ohio State University,I,827,Big Ten Conference,https://www.osu.edu/,ohiostatebuckeyes.com/
519,Ohio University,I,875,Mid-American Conference,www.ohio.edu,www.ohiobobcats.com
522,University of Oklahoma,I,911,Southeastern Conference,www.ou.edu,soonersports.com
521,Oklahoma State University,I,25354,Big 12 Conference,www.okstate.edu,www.okstate.com
523,Old Dominion University,I,818,Sun Belt Conference,www.odu.edu,www.odusports.com
527,Oral Roberts University,I,819,The Summit League,www.oru.edu,www.oruathletics.com
529,University of Oregon,I,827,Big Ten Conference,www.uoregon.edu,www.goducks.com
528,Oregon State University,I,905,Pac-12 Conference,oregonstate.edu/,osubeavers.com/
534,University of the Pacific,I,922,West Coast Conference,www.pacific.edu,www.pacifictigers.com
540,University of Pennsylvania,I,865,The Ivy League,www.upenn.edu/,www.pennathletics.com
539,Pennsylvania State University,I,827,Big Ten Conference,www.psu.edu,goPSUsports.com
541,Pepperdine University,I,922,West Coast Conference,www.pepperdine.edu/,www.pepperdinewaves.com
545,University of Pittsburgh,I,821,Atlantic Coast Conference,www.pitt.edu,www.pittsburghpanthers.com
551,University of Portland,I,922,West Coast Conference,www.up.edu,www.portlandpilots.com
550,Portland State University,I,825,Big Sky Conference,pdx.edu,goviks.com
553,Prairie View A&M University,I,916,Southwestern Athletic Conf.,www.pvamu.edu,www.pvpanthers.com
1320,Presbyterian College,I,826,Big South Conference,presby.edu,gobluehose.com
554,Princeton University,I,865,The Ivy League,www.princeton.edu,www.goprincetontigers.com
556,Providence College,I,30184,Big East Conference,www.providence.edu/,www.friars.com
308,Purdue University Fort Wayne,I,881,Horizon League,www.pfw.edu/,www.gomastodons.com/
559,Purdue University,I,827,Big Ten Conference,www.purdue.edu,purduesports.com
11504,Queens University of Charlotte,II,920,Atlantic Sun Conference,www.queens.edu,www.queensathletics.com
562,Quinnipiac University,I,871,Metro Atlantic Athletic Conference,www.quinnipiac.edu,www.gobobcats.com
563,Radford University,I,826,Big South Conference,www.radford.edu/,www.radfordathletics.com
572,University of Rhode Island,I,820,Atlantic 10 Conference,www.uri.edu,www.gorhody.com
574,Rice University,I,823,American Athletic Conference,www.rice.edu,www.riceowls.com
575,University of Richmond,I,820,Atlantic 10 Conference,www.richmond.edu,richmondspiders.com/
576,Rider University,I,871,Metro Atlantic Athletic Conference,www.rider.edu,www.gobroncs.com
579,Robert Morris University,I,881,Horizon League,www.rmu.edu,www.rmucolonials.com
587,"Rutgers, The State University of New Jersey, New Brunswick",I,827,Big Ten Conference,www.rutgers.edu,www.scarletknights.com
590,Sacred Heart University,I,871,Metro Atlantic Athletic Conference,www.sacredheart.edu,sacredheartpioneers.com
600,Saint Francis University ,I,846,Northeast Conference,www.francis.edu,www.sfuathletics.com
624,Sam Houston State University,I,24312,Conference USA,www.shsu.edu,www.gobearkats.com
625,Samford University,I,912,Southern Conference,www.samford.edu/,samfordsports.com
627,University of San Diego,I,922,West Coast Conference,www.sandiego.edu,www.usdtoreros.com
626,San Diego State University,I,5486,Mountain West Conference,www.sdsu.edu,goaztecs.com
629,University of San Francisco,I,922,West Coast Conference,www.usfca.edu,usfdons.com/index.aspx
630,San Jose State University,I,5486,Mountain West Conference,www.sjsu.edu,www.sjsuspartans.com
631,Santa Clara University,I,922,West Coast Conference,scu.edu,santaclarabroncos.com
1356,Seattle University,I,923,Western Athletic Conference,seattleu.edu,goseattleu.com
635,Seton Hall University,I,30184,Big East Conference,www.shu.edu,www.shupirates.com
639,Siena College,I,871,Metro Atlantic Athletic Conference,www.siena.edu,www.sienasaints.com
646,University of South Alabama,I,818,Sun Belt Conference,www.southalabama.edu,www.usajaguars.com
648,"University of South Carolina, Columbia",I,911,Southeastern Conference,www.sc.edu,gamecocksonline.com
647,South Carolina State University,I,876,Mid-Eastern Athletic Conf.,www.scsu.edu/,www.scsuathletics.com/index.aspx
10411,University of South Carolina Upstate,I,826,Big South Conference,www.uscupstate.edu,www.upstatespartans.com
650,University of South Dakota,I,819,The Summit League,www.usd.edu,www.goyotes.com
649,South Dakota State University,I,819,The Summit League,www.sdstate.edu,www.gojacks.com
651,University of South Florida,I,823,American Athletic Conference,www.usf.edu/,www.gousfbulls.com/
654,Southeast Missouri State University,I,902,Ohio Valley Conference,www.semo.edu,www.semoredhawks.com
655,Southeastern Louisiana University,I,914,Southland Conference,www.southeastern.edu,www.lionsports.net
657,University of Southern California,I,827,Big Ten Conference,usc.edu,usctrojans.com
659,Southern Illinois University at Carbondale,I,884,Missouri Valley Conference,www.siuc.edu/,www.siusalukis.com/
660,Southern Illinois University Edwardsville,I,902,Ohio Valley Conference,www.siue.edu,www.siuecougars.com
661,University of Southern Indiana,II,902,Ohio Valley Conference,www.usi.edu/,www.usiscreamingeagles.com/
663,Southern Methodist University,I,821,Atlantic Coast Conference,www.smu.edu,www.smumustangs.com
664,The University of Southern Mississippi,I,818,Sun Belt Conference,www.usm.edu,www.southernmiss.com
665,"Southern University, Baton Rouge",I,916,Southwestern Athletic Conf.,www.subr.edu,www.gojagsports.com
667,Southern Utah University,I,923,Western Athletic Conference,www.suu.edu,www.suutbirds.com
596,St. Bonaventure University,I,820,Atlantic 10 Conference,www.sbu.edu,www.gobonnies.com
603,St. John's University (New York),I,30184,Big East Conference,www.stjohns.edu,www.redstormsports.com
606,Saint Joseph's University,I,820,Atlantic 10 Conference,www.sju.edu,sjuhawks.com
609,Saint Louis University,I,820,Atlantic 10 Conference,www.slu.edu/,www.slubillikens.com
610,Saint Mary's College of California,I,922,West Coast Conference,www.stmarys-ca.edu/,www.SMCGaels.com
617,Saint Peter's University,I,871,Metro Atlantic Athletic Conference,www.saintpeters.edu.,www.saintpeterspeacocks.com
620,University of St. Thomas (Minnesota),III,819,The Summit League,www.stthomas.edu,www.Tommiesports.com
674,Stanford University,I,821,Atlantic Coast Conference,www.stanford.edu,gostanford.com/
676,Stephen F. Austin State University,I,914,Southland Conference,www.sfasu.edu/,SFAjacks.com
678,Stetson University,I,920,Atlantic Sun Conference,www.stetson.edu/,www.gohatters.com
682,Stonehill College,II,846,Northeast Conference,www.stonehill.edu,www.stonehillskyhawks.com
683,Stony Brook University,I,837,Coastal Athletic Association,stonybrook.edu,stonybrookathletics.com
688,Syracuse University,I,821,Atlantic Coast Conference,syracuse.edu,cuse.com
1395,Tarleton State University,I,923,Western Athletic Conference,www.tarleton.edu/,tarletonsports.com
690,Temple University,I,823,American Athletic Conference,www.temple.edu,www.owlsports.com
691,Tennessee State University,I,902,Ohio Valley Conference,www.tnstate.edu/,www.tsutigers.com
692,Tennessee Technological University,I,902,Ohio Valley Conference,www.tntech.edu/,www.TTUsports.com/
693,University of Tennessee at Chattanooga,I,912,Southern Conference,www.utc.edu,www.gomocs.com
694,"University of Tennessee, Knoxville",I,911,Southeastern Conference,www.utk.edu,www.utsports.com
695,University of Tennessee at Martin,I,902,Ohio Valley Conference,www.utm.edu/,www.utmsports.com
697,"Texas A&M University, College Station",I,911,Southeastern Conference,www.tamu.edu,www.12thman.com
199,Texas A&M University-Commerce,II,914,Southland Conference,www.tamuc.edu,www.lionathletics.com
26172,Texas A&M University-Corpus Christi,I,914,Southland Conference,www.tamucc.edu/,www.goislanders.com
702,University of Texas at Arlington,I,923,Western Athletic Conference,www.uta.edu,www.utamavs.com
698,Texas Christian University,I,25354,Big 12 Conference,www.tcu.edu,www.gofrogs.com
536,The University of Texas Rio Grande Valley,I,914,Southland Conference,www.utrgv.edu,goutrgv.com
699,Texas Southern University,I,916,Southwestern Athletic Conf.,www.tsu.edu,www.tsusports.com
670,Texas State University,I,818,Sun Belt Conference,www.txstate.edu,txstatebobcats.com
700,Texas Tech University,I,25354,Big 12 Conference,www.ttu.edu,www.texastech.com
703,University of Texas at Austin,I,911,Southeastern Conference,www.utexas.edu,www.TexasSports.com
704,University of Texas at El Paso,I,24312,Conference USA,www.utep.edu,www.utepminers.com
706,University of Texas at San Antonio,I,823,American Athletic Conference,www.utsa.edu,www.goutsa.com
709,University of Toledo,I,875,Mid-American Conference,www.utoledo.edu,www.utrockets.com
711,Towson University,I,837,Coastal Athletic Association,www.towson.edu,www.towsontigers.com
716,Troy University,I,818,Sun Belt Conference,troy.edu,troytrojans.com
718,Tulane University,I,823,American Athletic Conference,www.tulane.edu,www.tulanegreenwave.com
719,The University of Tulsa,I,823,American Athletic Conference,www.utulsa.edu,www.tulsahurricane.com
721,U.S. Air Force Academy,I,5486,Mountain West Conference,usafa.edu,www.goairforcefalcons.com/
725,U.S. Military Academy,I,838,Patriot League,www.westpoint.edu,goarmywestpoint.com/index.aspx
726,U.S. Naval Academy,I,838,Patriot League,www.usna.edu/,www.navysports.com
732,University of Utah,I,25354,Big 12 Conference,www.utah.edu/,utahutes.com/
731,Utah State University,I,5486,Mountain West Conference,www.usu.edu,www.utahstateaggies.com
30095,Utah Tech University,I,923,Western Athletic Conference,utahtech.edu,utahtechtrailblazers.com/
30024,Utah Valley University,I,923,Western Athletic Conference,www.uvu.edu,www.gouvu.com
735,Valparaiso University,I,884,Missouri Valley Conference,www.valpo.edu/,www.valpoathletics.com
736,Vanderbilt University,I,911,Southeastern Conference,vanderbilt.edu,vucommodores.com
738,University of Vermont,I,845,America East Conference,www.uvm.edu,www.uvmathletics.com
739,Villanova University,I,30184,Big East Conference,www.villanova.edu,www.villanova.com
746,University of Virginia,I,821,Atlantic Coast Conference,www.virginia.edu,www.virginiasports.com
740,Virginia Commonwealth University,I,820,Atlantic 10 Conference,www.vcu.edu,www.vcuathletics.com
741,Virginia Military Institute,I,912,Southern Conference,www.vmi.edu,www.vmikeydets.com
742,Virginia Polytechnic Institute and State University,I,821,Atlantic Coast Conference,www.vt.edu,www.hokiesports.com
748,Wagner College,I,846,Northeast Conference,www.wagner.edu,www.wagnerathletics.com
749,Wake Forest University,I,821,Atlantic Coast Conference,www.wfu.edu,www.godeacs.com
756,University of Washington,I,827,Big Ten Conference,www.washington.edu/,www.gohuskies.com
754,Washington State University,I,905,Pac-12 Conference,www.wsu.edu,www.wsucougars.com
758,Weber State University,I,825,Big Sky Conference,www.weber.edu,www.weberstatesports.com/
766,University of West Georgia,II,920,Atlantic Sun Conference,www.westga.edu,www.uwgathletics.com
768,West Virginia University,I,25354,Big 12 Conference,www.wvu.edu,www.wvusports.com
769,Western Carolina University,I,912,Southern Conference,www.wcu.edu/,www.catamountsports.com
771,Western Illinois University,I,902,Ohio Valley Conference,www.wiu.edu,www.goleathernecks.com
772,Western Kentucky University,I,24312,Conference USA,www.wku.edu,www.wkusports.com
774,Western Michigan University,I,875,Mid-American Conference,www.wmich.edu,www.wmubroncos.com
782,Wichita State University,I,823,American Athletic Conference,www.wichita.edu,www.goshockers.com
786,William & Mary,I,837,Coastal Athletic Association,www.wm.edu,www.tribeathletics.com
792,Winthrop University,I,826,Big South Conference,www.winthrop.edu/,www.winthropeagles.com
794,University of Wisconsin-Green Bay,I,881,Horizon League,www.uwgb.edu,greenbayphoenix.com
796,University of Wisconsin-Madison,I,827,Big Ten Conference,www.wisc.edu/,www.uwbadgers.com
797,University of Wisconsin-Milwaukee,I,881,Horizon League,www.uwm.edu,www.mkepanthers.com
2915,Wofford College,I,912,Southern Conference,www.wofford.edu/,www.wofford.edu/athletics
810,Wright State University,I,881,Horizon League,www.wright.edu,www.wsuraiders.com
811,University of Wyoming,I,5486,Mountain West Conference,www.uwyo.edu,www.gowyo.com
812,Xavier University,I,30184,Big East Conference,www.xavier.edu,www.goxavier.com
813,Yale University,I,865,The Ivy League,www.yale.edu,www.yalebulldogs.com
817,Youngstown State University,I,881,Horizon League,www.ysu.edu,www.ysusports.com
