orgId,nameOfficial,divisionRoman,conferenceId,conferenceName,webSiteUrl,athleticWebUrl
30123,Academy of Art University,II,19591,Pacific West Conference,www.academyart.edu,www.artuathletics.com
929,Adams State University,II,13128,Rocky Mountain Athletic Conference,www.adams.edu,www.asugrizzlies.com
3,Adelphi University,II,899,Northeast-10 Conference,www.adelphi.edu,www.aupanthers.com
10,University of Alabama in Huntsville,II,858,Gulf South Conference,uah.edu,uahchargers.com
11,University of Alaska Anchorage,II,30012,Great Northwest Athletic Conference,www.uaa.alaska.edu,www.goseawolves.com
12,University of Alaska Fairbanks,II,30012,Great Northwest Athletic Conference,www.uaf.edu,www.AlaskaNanooks.com
13,Albany State University (Georgia),II,913,Southern Intercol. Ath. Conf.,www.asurams.edu,www.asugoldenrams.com
30240,Allen University,II,913,Southern Intercol. Ath. Conf.,allenuniversity.edu,auyellowjackets.com
22,American International College,II,899,Northeast-10 Conference,aic.edu,aicyellowjackets.com
13028,Anderson University (South Carolina),II,12850,South Atlantic Conference,www.andersonuniversity.edu,www.autrojans.com
25,Angelo State University,II,868,Lone Star Conference,www.angelo.edu,www.angelosports.com
947,Arkansas Tech University,II,30144,Great American Conference,www.atu.edu,www.arkansastechsports.com/
30105,"University of Arkansas, Fort Smith",II,883,Mid-America Intercollegiate Athletics Association,www.uafs.edu/Home/Index,www.uafortsmithlions.com
8411,"University of Arkansas, Monticello",II,30144,Great American Conference,www.uamont.edu,www.uamsports.com
35,Ashland University,II,30182,Great Midwest Athletic Conference,www.ashland.edu,www.goashlandeagles.com
36,Assumption University,II,899,Northeast-10 Conference,www.assumption.edu,www.assumptiongreyhounds.com
30093,Auburn University at Montgomery,II,858,Gulf South Conference,www.aum.edu,www.aumathletics.com
39,Augusta University,II,12923,Peach Belt Conference,www.augusta.edu,www.augustajags.com
41,Augustana University (South Dakota),II,12853,Northern Sun Intercollegiate Conference,www.augie.edu,www.goaugie.com
30146,Azusa Pacific University,II,19591,Pacific West Conference,www.apu.edu,athletics.apu.edu
49,Barry University,II,919,Sunshine State Conference,www.barry.edu,Www.GoBarryBucs.com
15646,Barton College,II,4423,Conference Carolinas,www.barton.edu,www.bartonbulldogs.com
2683,Belmont Abbey College,II,4423,Conference Carolinas,www.bac.edu,www.abbeyathletics.com
54,Bemidji State University,II,12853,Northern Sun Intercollegiate Conference,https://www.bemidjistate.edu/,https://www.bsubeavers.com/
55,Benedict College,II,913,Southern Intercol. Ath. Conf.,www.benedict.edu,benedicttigers.com
56,Bentley University,II,899,Northeast-10 Conference,www.bentley.edu,www.bentley.edu/athletics
30220,Biola University,II,19591,Pacific West Conference,www.biola.edu,athletics.biola.edu
30134,Black Hills State University,II,13128,Rocky Mountain Athletic Conference,www.bhsu.edu,bhsuathletics.com/
984,Bloomfield College,II,28752,Central Atlantic Collegiate Conference,www.bloomfield.edu,www.bcbearsathletics.com
65,Bloomsburg University of Pennsylvania,II,906,Pennsylvania State Athletic Conference,www.bloomu.edu,www.buhuskies.com
985,Bluefield State University,II,832,Central Intercollegiate Athletic Association,bluefieldstate.edu,gobstate.com
70,Bowie State University,II,832,Central Intercollegiate Athletic Association,www.bowiestate.edu,www.bsubulldogs.com
74,University of Bridgeport,II,28752,Central Atlantic Collegiate Conference,www.bridgeport.edu,www.ubknights.com
91,"California State Polytechnic University, Pomona",II,828,California Collegiate Athletic Association,www.cpp.edu,www.broncoathletics.com
995,Caldwell University,II,28752,Central Atlantic Collegiate Conference,www.caldwell.edu/,www.caldwellathletics.com
30055,"California State University, Monterey Bay",II,828,California Collegiate Athletic Association,www.csumb.edu,www.otterathletics.com
95,"California State University, Chico",II,828,California Collegiate Athletic Association,www.csuchico.edu,www.chicowildcats.com
92,"California State University, Dominguez Hills",II,828,California Collegiate Athletic Association,www.csudh.edu,www.gotoros.com
98,"California State University, East Bay",II,828,California Collegiate Athletic Association,www.csueastbay.edu,www.eastbaypioneers.com
93,"California State University, San Bernardino",II,828,California Collegiate Athletic Association,www.csusb.edu,www.csusbathletics.com
103,"California State University, Stanislaus",II,828,California Collegiate Athletic Association,www.csustan.edu,www.warriorathletics.com
100,"California State University, Los Angeles",II,828,California Collegiate Athletic Association,www.calstatela.edu,www.lagoldeneagles.com
291,"California State Polytechnic University, Humboldt",II,828,California Collegiate Athletic Association,www.humboldt.edu,humboldtathletics.com
30198,"California State University, San Marcos",II,828,California Collegiate Athletic Association,www.csusm.edu,csusmcougars.com
106,"Pennsylvania Western University, California",II,906,Pennsylvania State Athletic Conference,www.pennwest.edu,www.calvulcans.com
30266,"University of California, Merced",II,828,California Collegiate Athletic Association,www.ucmerced.edu,www.ucmercedbobcats.com
996,Cameron University,II,868,Lone Star Conference,www.cameron.edu,cameronaggies.com
1000,Carson-Newman University,II,12850,South Atlantic Conference,www.cn.edu,cneagles.com
1001,Catawba College,II,12850,South Atlantic Conference,www.catawba.edu,www.catawbaathletics.com
30124,Cedarville University,II,30182,Great Midwest Athletic Conference,www.cedarville.edu,www.yellowjackets.cedarville.edu
130,University of Central Missouri,II,883,Mid-America Intercollegiate Athletics Association,www.ucmo.edu,ucmathletics.com
1009,University of Central Oklahoma,II,883,Mid-America Intercollegiate Athletics Association,www.uco.edu,www.bronchosports.com
30049,Central State University,II,913,Southern Intercol. Ath. Conf.,www.centralstate.edu,www.maraudersports.com
1010,Central Washington University,II,30012,Great Northwest Athletic Conference,cwu.edu,wildcatsports.com
1012,Chadron State College,II,13128,Rocky Mountain Athletic Conference,www.csc.edu,www.chadroneagles.com
133,Chaminade University,II,19591,Pacific West Conference,www.chaminade.edu,goswords.com/
1013,University of Charleston (West Virginia),II,30183,Mountain East Conference,www.ucwv.edu,www.ucgoldeneagles.com
21323,Chestnut Hill College,II,28752,Central Atlantic Collegiate Conference,www.chc.edu,www.griffinathletics.com
8875,Chowan University,II,4423,Conference Carolinas,www.chowan.edu,www.gocuhawks.com
1015,Christian Brothers University,II,858,Gulf South Conference,www.cbu.edu,www.cbubucs.com
30058,Claflin University,II,832,Central Intercollegiate Athletic Association,www.claflin.edu,athletics.claflin.edu
143,"Pennsylvania Western University, Clarion",II,906,Pennsylvania State Athletic Conference,www.clarion.edu,www.clariongoldeneagles.com
144,Clark Atlanta University,II,913,Southern Intercol. Ath. Conf.,www.cau.edu,www.clarkatlantasports.com
20576,Clayton State University,II,12923,Peach Belt Conference,www.clayton.edu,www.claytonstatesports.com
1023,Coker University,II,12850,South Atlantic Conference,www.coker.edu,www.cokercobras.com/
11403,Colorado Christian University,II,13128,Rocky Mountain Athletic Conference,www.ccu.edu,www.ccucougars.com
11416,Colorado Mesa University,II,13128,Rocky Mountain Athletic Conference,coloradomesa.edu,cmumavericks.com
155,Colorado School of Mines,II,13128,Rocky Mountain Athletic Conference,mines.edu,minesathletics.com
2720,Colorado State University Pueblo,II,13128,Rocky Mountain Athletic Conference,www.csupueblo.edu,www.gothunderwolves.com
9754,"University of Colorado, Colorado Springs",II,13128,Rocky Mountain Athletic Conference,www.uccs.edu,www.gomountainlions.com
159,Columbus State University,II,12923,Peach Belt Conference,www.columbusstate.edu,csucougars.com
1028,Concord University,II,30183,Mountain East Conference,www.concord.edu,www.cumountainlions.com
30199,Concordia University Irvine,II,19591,Pacific West Conference,www.cui.edu,www.cuigoldeneagles.com
9081,"Concordia University, St. Paul",II,12853,Northern Sun Intercollegiate Conference,www.csp.edu,cspbears.com/index.aspx
8935,Converse University,II,4423,Conference Carolinas,www.converse.edu,govalkyries.com
1059,D'Youville University,II,11265,East Coast Conference,www.dyc.edu,athletics.dyc.edu
30174,Daemen University,II,11265,East Coast Conference,www.daemen.edu,daemenwildcats.com/
1045,Dallas Baptist University,II,868,Lone Star Conference,www.dbu.edu,www.dbupatriots.com
30221,Davenport University,II,854,Great Lakes Intercollegiate Athletic Conference,www.davenport.edu/,dupanthers.com
174,Davis & Elkins College,II,30183,Mountain East Conference,www.dewv.edu,www.senatornation.com
181,Delta State University,II,858,Gulf South Conference,www.deltastate.edu,www.gostatesmen.com
186,University of the District of Columbia,II,11265,East Coast Conference,www.udc.edu,www.udcfirebirds.com
30118,Dominican University of California,II,19591,Pacific West Conference,www.dominican.edu,www.dominicanathletics.com
8956,Dominican University New York,II,28752,Central Atlantic Collegiate Conference,www.duny.edu,www.chargerathletics.com
1057,Drury University,II,855,Great Lakes Valley Conference,www.drury.edu,www.drurypanthers.com/
8965,East Central University,II,30144,Great American Conference,www.ecok.edu,ecutigers.com
197,East Stroudsburg University of Pennsylvania,II,906,Pennsylvania State Athletic Conference,www.esu.edu,esuwarriors.com
206,Eastern New Mexico University,II,868,Lone Star Conference,www.enmu.edu,www.goeasternathletics.com
208,Eckerd College,II,919,Sunshine State Conference,www.eckerd.edu/,www.eckerdtritons.com
209,"Pennsylvania Western University, Edinboro",II,906,Pennsylvania State Athletic Conference,www.edinboro.edu,www.gofightingscots.com
30244,Edward Waters University,II,913,Southern Intercol. Ath. Conf.,www.ewu.edu,www.ewutigerpride.com
210,Elizabeth City State University,II,832,Central Intercollegiate Athletic Association,www.ecsu.edu,www.ecsuvikings.com
9680,Embry-Riddle Aeronautical University (Florida),II,919,Sunshine State Conference,www.erau.edu,www.erauathletics.com
30193,Emmanuel University (Georgia),II,4423,Conference Carolinas,www.ec.edu,www.goeclions.com
216,Emory & Henry University,II,12850,South Atlantic Conference,www.emoryhenry.edu,www.gowasps.com
1071,Emporia State University,II,883,Mid-America Intercollegiate Athletics Association,www.emporia.edu,www.esuhornets.com
1072,Erskine College,II,4423,Conference Carolinas,www.erskine.edu,www.erskinesports.com
1076,Fairmont State University,II,30183,Mountain East Conference,www.fairmontstate.edu,www.fightingfalcons.com
223,Fayetteville State University,II,832,Central Intercollegiate Athletic Association,www.uncfsu.edu,fsubroncos.com
23157,Felician University,II,28752,Central Atlantic Collegiate Conference,www.felician.edu,www.felicianathletics.com
224,Ferris State University,II,854,Great Lakes Intercollegiate Athletic Conference,www.ferris.edu,www.ferrisstatebulldogs.com
1079,University of Findlay,II,30182,Great Midwest Athletic Conference,www.findlay.edu,findlayoilers.com
30092,Flagler College,II,12923,Peach Belt Conference,www.flagler.edu,www.flaglerathletics.com/
230,Florida Institute of Technology,II,919,Sunshine State Conference,www.fit.edu/,floridatechsports.com/
233,Florida Southern College,II,919,Sunshine State Conference,www.flsouthern.edu,www.fscmocs.com
9011,Fort Hays State University,II,883,Mid-America Intercollegiate Athletics Association,www.fhsu.edu,www.fhsuathletics.com
1083,Fort Lewis College,II,13128,Rocky Mountain Athletic Conference,www.fortlewis.edu,www.goskyhawks.com
237,Fort Valley State University,II,913,Southern Intercol. Ath. Conf.,www.fvsu.edu,fvsusports.com/index.aspx
1085,Francis Marion University,II,4423,Conference Carolinas,www.fmarion.edu,www.fmupatriots.com
241,Franklin Pierce University,II,899,Northeast-10 Conference,www.franklinpierce.edu,www.fpuravens.com/landing/index
30147,Fresno Pacific University,II,19591,Pacific West Conference,www.fresno.edu,fpuathletics.com/
243,Frostburg State University,II,30183,Mountain East Conference,www.frostburg.edu/,www.frostburgsports.com
246,Gannon University,II,906,Pennsylvania State Athletic Conference,www.gannon.edu,www.gannonsports.com
1096,Georgia College,II,12923,Peach Belt Conference,www.gcsu.edu,www.gcbobcats.com
1097,Georgia Southwestern State University,II,12923,Peach Belt Conference,www.gsw.edu,www.gswcanes.com
9004,Georgian Court University,II,28752,Central Atlantic Collegiate Conference,www.georgian.edu,www.gculions.com
1098,Glenville State University,II,30183,Mountain East Conference,www.glenville.edu,www.gscpioneers.com
8366,Goldey-Beacom College,II,28752,Central Atlantic Collegiate Conference,www.gbc.edu,www.gbcathletics.com
262,Grand Valley State University,II,854,Great Lakes Intercollegiate Athletic Conference,www.gvsu.edu,gvsulakers.com
1116,Harding University,II,30144,Great American Conference,www.harding.edu,www.hardingsports.com
2697,University of Hawaii at Hilo,II,19591,Pacific West Conference,www.uhh.hawaii.edu,hiloathletics.com
2696,Hawaii Pacific University,II,19591,Pacific West Conference,www.hpu.edu,www.hpusharks.com/
1123,Henderson State University,II,30144,Great American Conference,hsu.edu,hsusports.com
280,Hillsdale College,II,30182,Great Midwest Athletic Conference,www.hillsdale.edu,www.hillsdalechargers.com
1126,Holy Family University,II,28752,Central Atlantic Collegiate Conference,www.holyfamily.edu,athletics.holyfamily.edu
30050,University of Illinois Springfield,II,855,Great Lakes Valley Conference,www.uis.edu,www.uisprairiestars.com
307,Indiana University of Pennsylvania,II,906,Pennsylvania State Athletic Conference,iup.edu,iupathletics.com
309,University of Indianapolis,II,855,Great Lakes Valley Conference,www.uindy.edu,uindyathletics.com
30267,University of Jamestown,II,12853,Northern Sun Intercollegiate Conference,uj.edu,jimmiepride.com
30262,Jessup University ,II,19591,Pacific West Conference,jessup.edu,jessupathletics.com
323,Johnson C. Smith University,II,832,Central Intercollegiate Athletic Association,www.jcsu.edu,www.goldenbullsports.com
332,Kentucky State University,II,913,Southern Intercol. Ath. Conf.,www.kysu.edu/,ksuthorobreds.com
333,Kentucky Wesleyan College,II,30182,Great Midwest Athletic Conference,https://kwc.edu/,https://kwcpanthers.com/
30051,King University,II,4423,Conference Carolinas,www.king.edu/,www.kingtornado.com/
339,Kutztown University of Pennsylvania,II,906,Pennsylvania State Athletic Conference,www.kutztown.edu,www.kubears.com
2746,Lake Erie College,II,30182,Great Midwest Athletic Conference,www.lec.edu,www.lakeeriestorm.com
345,Lake Superior State University,II,854,Great Lakes Intercollegiate Athletic Conference,lssu.edu,lssulakers.com
1167,Lander University,II,12923,Peach Belt Conference,www.lander.edu/,www.landerbearcats.com
347,Lane College,II,913,Southern Intercol. Ath. Conf.,www.lanecollege.edu,www.golcdragons.com/
349,Le Moyne College,II,846,Northeast Conference,www.lemoyne.edu/,www.lemoynedolphins.com
30013,Lee University,II,858,Gulf South Conference,www.leeuniversity.edu/,www.leeuflames.com
13302,Lees-McRae College,II,4423,Conference Carolinas,www.lmc.edu,lmcbobcats.com
350,LeMoyne-Owen College,II,913,Southern Intercol. Ath. Conf.,www.loc.edu,athletics.loc.edu/
1170,Lenoir-Rhyne University,II,12850,South Atlantic Conference,www.LR.edu,www.lrbears.com
354,Lewis University,II,855,Great Lakes Valley Conference,www.lewisu.edu,www.lewisflyers.com
1174,Limestone University,II,12850,South Atlantic Conference,www.limestone.edu/,golimestonesaints.com/
1176,Lincoln Memorial University,II,12850,South Atlantic Conference,www.lmunet.edu/,www.lmurailsplitters.com
356,Lincoln University (Missouri),II,855,Great Lakes Valley Conference,www.lincolnu.edu/,www.lubluetigers.com
357,Lincoln University (Pennsylvania),II,832,Central Intercollegiate Athletic Association,www.lincoln.edu,www.lulions.com
30136,Lindenwood University,II,902,Ohio Valley Conference,www.lindenwood.edu,lindenwoodlions.com
359,Livingstone College,II,832,Central Intercollegiate Athletic Association,www.livingstone.edu/,https://bluebearathletics.com/
360,Lock Haven University of Pennsylvania,II,906,Pennsylvania State Athletic Conference,www.lockhaven.edu,www.golhu.com
30177,Lubbock Christian University,II,868,Lone Star Conference,www.lcu.edu,www.lcuchaps.com
20794,Lynn University,II,919,Sunshine State Conference,www.lynn.edu,www.lynnfightingknights.com
30137,Malone University,II,30182,Great Midwest Athletic Conference,www.malone.edu,www.malonepioneers.com
384,Mansfield University of Pennsylvania,II,906,Pennsylvania State Athletic Conference,www.mansfield.edu,www.gomounties.com
1199,Mars Hill University,II,12850,South Atlantic Conference,www.mhu.edu,www.marshilllions.com
30075,University of Mary,II,12853,Northern Sun Intercollegiate Conference,www.umary.edu/,www.goumary.com
395,Maryville University of Saint Louis,II,855,Great Lakes Valley Conference,www.maryville.edu,www.maryvillesaints.com
30138,McKendree University,II,855,Great Lakes Valley Conference,www.mckendree.edu,www.mckbearcats.com
405,Menlo College,II,19591,Pacific West Conference,www.menlo.edu/,menloathletics.com/
407,Mercy University,II,11265,East Coast Conference,www.mercy.edu,www.mercyathletics.com
408,Mercyhurst University,II,846,Northeast Conference,mercyhurst.edu,www.hurstathletics.com
413,Metropolitan State University of Denver,II,13128,Rocky Mountain Athletic Conference,www.msudenver.edu,www.RoadrunnersAthletics.com
417,Michigan Technological University,II,854,Great Lakes Intercollegiate Athletic Conference,www.mtu.edu,www.michigantechhuskies.com
1222,Midwestern State University,II,868,Lone Star Conference,www.msutexas.edu/,msumustangs.com
422,Miles College,II,913,Southern Intercol. Ath. Conf.,www.miles.edu,milesgoldenbears.com/
423,Millersville University of Pennsylvania,II,906,Pennsylvania State Athletic Conference,www.millersville.edu,www.millersvilleathletics.com
383,"Minnesota State University, Mankato",II,12853,Northern Sun Intercollegiate Conference,www.mnsu.edu/,www.msumavericks.com
1240,Minnesota State University Moorhead,II,12853,Northern Sun Intercollegiate Conference,www.mnstate.edu/,msumdragons.com/
27854,"University of Minnesota, Crookston",II,12853,Northern Sun Intercollegiate Conference,www.umcrookston.edu,www.goldeneaglesports.com/
427,University of Minnesota Duluth,II,12853,Northern Sun Intercollegiate Conference,www.d.umn.edu/,umdbulldogs.com/
30125,Minot State University,II,12853,Northern Sun Intercollegiate Conference,www.minotstateu.edu,www.msubeavers.com
429,Mississippi College,II,858,Gulf South Conference,www.mc.edu,www.gochoctaws.com
435,Missouri University of Science and Technology,II,855,Great Lakes Valley Conference,www.mst.edu,www.minerathletics.com
9012,Missouri Southern State University,II,883,Mid-America Intercollegiate Athletics Association,www.mssu.edu/,mssulions.com
9013,Missouri Western State University,II,883,Mid-America Intercollegiate Athletics Association,www.missouriwestern.edu,www.gogriffons.com
436,University of Missouri-St. Louis,II,855,Great Lakes Valley Conference,umsl.edu,umsltritons.com
437,Molloy University,II,11265,East Coast Conference,www.molloy.edu/,www.molloylions.com
205,Montana State University Billings,II,30012,Great Northwest Athletic Conference,www.msubillings.edu,www.msubsports.com
1238,University of Montevallo,II,858,Gulf South Conference,www.montevallo.edu,www.montevallofalcons.com
445,Morehouse College,II,913,Southern Intercol. Ath. Conf.,www.morehouse.edu,www.morehouseathletics.com
1245,University of Mount Olive,II,4423,Conference Carolinas,www.umo.edu,www.umotrojans.com
1156,University of Nebraska at Kearney,II,883,Mid-America Intercollegiate Athletics Association,www.unk.edu,www.lopers.com
470,University of New Haven,II,899,Northeast-10 Conference,www.newhaven.edu,www.newhavenchargers.com
8577,New Mexico Highlands University,II,13128,Rocky Mountain Athletic Conference,www.nmhu.edu,www.nmhuathletics.com
1257,Newberry College,II,12850,South Atlantic Conference,www.newberry.edu/,www.newberrywolves.com
30054,Newman University,II,883,Mid-America Intercollegiate Athletics Association,www.newmanu.edu,www.newmanjets.com
537,University of North Carolina at Pembroke,II,4423,Conference Carolinas,www.uncp.edu,www.uncpbraves.com
30052,University of North Georgia,II,12923,Peach Belt Conference,www.ung.edu/,www.ungathletics.com
9223,North Greenville University,II,4423,Conference Carolinas,www.ngu.edu/,www.nguathletics.com
12810,Northeastern State University,II,883,Mid-America Intercollegiate Athletics Association,www.nsuok.edu,www.goriverhawksgo.com
506,Northern Michigan University,II,854,Great Lakes Intercollegiate Athletic Conference,www.nmu.edu,www.nmuwildcats.com
1266,Northern State University,II,12853,Northern Sun Intercollegiate Conference,northern.edu,nsuwolves.com
507,Northwest Missouri State University,II,883,Mid-America Intercollegiate Athletics Association,nwmissouri.edu,bearcatsports.com
1274,Northwest Nazarene University,II,30012,Great Northwest Athletic Conference,www.nnu.edu,nnusports.com
30178,Northwestern Oklahoma State University,II,30144,Great American Conference,www.nwosu.edu,www.riderangersride.com
510,Northwood University,II,30182,Great Midwest Athletic Conference,www.northwood.edu,gonorthwood.com
24639,Nova Southeastern University,II,919,Sunshine State Conference,www.nova.edu,nsusharks.com
30119,Ohio Dominican University,II,30182,Great Midwest Athletic Conference,www.ohiodominican.edu/,www.ohiodominicanpanthers.com
30202,Oklahoma Baptist University,II,30144,Great American Conference,www.okbu.edu,www.obubison.com
30179,Oklahoma Christian University,II,868,Lone Star Conference,www.oc.edu,www.oceagles.com
1289,Ouachita Baptist University,II,30144,Great American Conference,www.obu.edu,www.obutigers.com
533,Pace University,II,899,Northeast-10 Conference,www.pace.edu,www.paceuathletics.com
30045,Palm Beach Atlantic University,II,919,Sunshine State Conference,www.pba.edu,www.pbasailfish.com
1314,Pittsburg State University,II,883,Mid-America Intercollegiate Athletics Association,www.pittstate.edu,www.pittstategorillas.com
546,"University of Pittsburgh, Johnstown",II,906,Pennsylvania State Athletic Conference,www.upj.pitt.edu,pittjohnstownathletics.com/
30149,Point Loma Nazarene University,II,19591,Pacific West Conference,www.pointloma.edu,www.plnusealions.com
30268,Point Park University,II,30183,Mountain East Conference,pointpark.edu,pointparksports.com
1318,Post University,II,28752,Central Atlantic Collegiate Conference,www.post.edu,www.posteagles.com
2682,"University of Puerto Rico, Bayamon",II,0,Independent,www.uprb.edu,www.uprb.edu
24361,"University of Puerto Rico, Mayaguez",II,0,Independent,www.uprm.edu,www.uprm.edu/actividadesatleticas
2716,"University of Puerto Rico, Rio Piedras",II,0,Independent,www.uprrp.edu,https://estudiantes.uprrp.edu/desarollo-estudiantil/departamento-atletico/
30222,Purdue University Northwest,II,854,Great Lakes Intercollegiate Athletic Conference,www.pnw.edu,www.pnwathletics.com
560,Queens College (New York),II,11265,East Coast Conference,www.qc.cuny.edu,www.queensknights.com
11504,Queens University of Charlotte,II,920,Atlantic Sun Conference,www.queens.edu,www.queensathletics.com
561,Quincy University,II,855,Great Lakes Valley Conference,quincy.edu,quhawks.com
568,Regis University (Colorado),II,13128,Rocky Mountain Athletic Conference,www.regis.edu,www.regisrangers.com
30150,Roberts Wesleyan University,II,11265,East Coast Conference,www.roberts.edu,www.robertsredhawks.com
1328,Rockhurst University,II,855,Great Lakes Valley Conference,www.rockhurst.edu/,www.rockhursthawks.com/
30180,Rogers State University,II,883,Mid-America Intercollegiate Athletics Association,www.rsu.edu,www.rsuhillcats.com
584,Rollins College,II,919,Sunshine State Conference,Rollins.edu,RollinsSports.com
2807,Roosevelt University,II,854,Great Lakes Intercollegiate Athletic Conference,www.roosevelt.edu,www.rooseveltlakers.com
591,Saginaw Valley State University,II,854,Great Lakes Intercollegiate Athletic Conference,www.svsu.edu,www.svsucardinals.com
19117,Salem University (West Virginia),II,0,Independent,www.salemu.edu/,www.salemtigers.com
628,San Francisco State University,II,828,California Collegiate Athletic Association,www.sfsu.edu/,sfstategators.com
632,Savannah State University,II,913,Southern Intercol. Ath. Conf.,www.savannahstate.edu,ssuathletics.com/
634,Seattle Pacific University,II,30012,Great Northwest Athletic Conference,spu.edu/,spufalcons.com/index.aspx
30063,Seton Hill University,II,906,Pennsylvania State Athletic Conference,www.setonhill.edu/,www.setonhill.edu/athletics
636,Shaw University,II,832,Central Intercollegiate Athletic Association,www.shawuniversity.edu,www.shawbears.com
10870,Shepherd University,II,906,Pennsylvania State Athletic Conference,shepherd.edu,shepherdrams.com
638,Shippensburg University of Pennsylvania,II,906,Pennsylvania State Athletic Conference,www.ship.edu,www.shipraiders.com
30151,Shorter University,II,4423,Conference Carolinas,www.shorter.edu,www.goshorterhawks.com
30127,Simon Fraser University,II,30012,Great Northwest Athletic Conference,www.sfu.ca,athletics.sfu.ca/
30128,University of Sioux Falls,II,12853,Northern Sun Intercollegiate Conference,www.usiouxfalls.edu,www.usfcougars.com
643,Slippery Rock University of Pennsylvania,II,906,Pennsylvania State Athletic Conference,www.sru.edu,www.rockathletics.com
645,Sonoma State University,II,828,California Collegiate Athletic Association,www.sonoma.edu/,www.sonomaseawolves.com
11276,University of South Carolina Aiken,II,12923,Peach Belt Conference,www.usca.edu,www.pacersports.com
30259,University of South Carolina Beaufort,II,12923,Peach Belt Conference,uscb.edu,uscbathletics.com
30139,South Dakota School of Mines & Technology,II,13128,Rocky Mountain Athletic Conference,sdmines.sdsmt.edu/sdsmt,gorockers.com
1371,Southeastern Oklahoma State University,II,30144,Great American Conference,www.se.edu,www.gosoutheastern.com
1376,Southern Arkansas University,II,30144,Great American Conference,www.saumag.edu,www.muleriderathletics.com
658,Southern Connecticut State University,II,899,Northeast-10 Conference,southernct.edu,scsuowls.com
661,University of Southern Indiana,II,902,Ohio Valley Conference,www.usi.edu/,www.usiscreamingeagles.com/
30152,Southern Nazarene University,II,30144,Great American Conference,snu.edu,snuathletics.com
468,Southern New Hampshire University,II,899,Northeast-10 Conference,www.snhu.edu,www.snhupenmen.com
30192,Southern Wesleyan University,II,4423,Conference Carolinas,www.swu.edu,swuathletics.com
2755,Southwest Baptist University,II,855,Great Lakes Valley Conference,www.sbuniv.edu,www.sbubearcats.com
8736,Southwest Minnesota State University,II,12853,Northern Sun Intercollegiate Conference,www.smsu.edu,www.smsumustangs.com
8744,Southwestern Oklahoma State University,II,30144,Great American Conference,www.swosu.edu/,www.swosuathletics.com
30191,Spring Hill College,II,913,Southern Intercol. Ath. Conf.,www.shc.edu,www.shcbadgers.com
593,Saint Anselm College,II,899,Northeast-10 Conference,www.anselm.edu,www.saintanselmhawks.com
594,Saint Augustine's University,II,832,Central Intercollegiate Athletic Association,www.st-aug.edu/,www.saintaugfalcons.com/index.aspx
598,St. Cloud State University,II,12853,Northern Sun Intercollegiate Conference,www.stcloudstate.edu/,www.stcloudstate.edu/athletics
1334,St. Edward's University,II,868,Lone Star Conference,stedwards.edu,gohilltoppers.com
608,Saint Leo University,II,919,Sunshine State Conference,www.saintleo.edu,www.saintleolions.com
1343,Saint Martin's University,II,30012,Great Northwest Athletic Conference,www.stmartin.edu/,www.smusaints.com
1346,St. Mary's University (Texas),II,868,Lone Star Conference,www.stmarytx.edu,www.rattlerathletics.com
613,Saint Michael's College,II,899,Northeast-10 Conference,www.smcvt.edu,www.smcathletics.com
1347,The College of Saint Rose,II,899,Northeast-10 Conference,www.strose.edu,gogoldenknights.com
1348,St. Thomas Aquinas College,II,11265,East Coast Conference,https://www.stac.edu/,https://www.stacathletics.com/landing/index
675,College of Staten Island,II,11265,East Coast Conference,www.csi.cuny.edu,www.csidolphins.com
682,Stonehill College,II,846,Northeast Conference,www.stonehill.edu,www.stonehillskyhawks.com
1390,Sul Ross State University,III,868,Lone Star Conference,www.sulross.edu/,www.srlobos.com
689,University of Tampa,II,919,Sunshine State Conference,www.ut.edu,https://www.tampaspartans.com/landing/index
30090,Texas A&M International University,II,868,Lone Star Conference,www.tamiu.edu,godustdevils.com
199,Texas A&M University-Commerce,II,914,Southland Conference,www.tamuc.edu,www.lionathletics.com
696,Texas A&M University-Kingsville,II,868,Lone Star Conference,www.tamuk.edu/,www.javelinaathletics.com
30088,University of Texas Permian Basin,II,868,Lone Star Conference,www.utpb.edu/,www.utpbfalcons.com
701,Texas Woman's University,II,868,Lone Star Conference,www.twu.edu,www.twuathletics.com
23121,University of Texas at Dallas,III,868,Lone Star Conference,www.utdallas.edu/,utdcomets.com
30028,The University of Texas at Tyler,II,868,Lone Star Conference,www.uttyler.edu,www.uttylerpatriots.com
543,Thomas Jefferson University,II,28752,Central Atlantic Collegiate Conference,www.jefferson.edu,www.jeffersonrams.com
1402,Thomas More University,II,30182,Great Midwest Athletic Conference,www.thomasmore.edu,www.thomasmoresaints.com
1403,Tiffin University,II,30182,Great Midwest Athletic Conference,tiffin.edu,www.gotiffindragons.com
30002,Trevecca Nazarene University,II,858,Gulf South Conference,www.trevecca.edu,www.tnutrojans.com
499,Truman State University,II,855,Great Lakes Valley Conference,www.truman.edu/,www.trumanbulldogs.com
12830,Tusculum University,II,12850,South Atlantic Conference,www.tusculum.edu,www.tusculumpioneers.com
720,Tuskegee University,II,913,Southern Intercol. Ath. Conf.,www.tuskegee.edu,www.goldentigersports.com/
30153,Union University,II,858,Gulf South Conference,www.uu.edu,www.uuathletics.com
728,Upper Iowa University,II,855,Great Lakes Valley Conference,www.uiu.edu/,uiupeacocks.com/
30140,Ursuline College,II,30182,Great Midwest Athletic Conference,www.ursuline.edu,www.ursulinearrows.com
734,Valdosta State University,II,858,Gulf South Conference,www.valdosta.edu,www.vstateblazers.com
30263,Vanguard University ,II,19591,Pacific West Conference,www.vanguard.edu,www.vanguardlions.com
30181,The University of Virginia's College at Wise,II,12850,South Atlantic Conference,www.uvawise.edu,www.uvawisecavs.com
743,Virginia State University,II,832,Central Intercollegiate Athletic Association,www.vsu.edu/,www.govsutrojans.com
744,Virginia Union University,II,832,Central Intercollegiate Athletic Association,www.vuu.edu/,vuusports.com/
30141,Walsh University,II,30182,Great Midwest Athletic Conference,https://www.walsh.edu/,athletics.walsh.edu/landing/index
2814,Washburn University,II,883,Mid-America Intercollegiate Athletics Association,www.washburn.edu,www.wusports.com
757,Wayne State University (Michigan),II,854,Great Lakes Intercollegiate Athletic Conference,www.wayne.edu,www.wsuathletics.com
1433,Wayne State College (Nebraska),II,12853,Northern Sun Intercollegiate Conference,www.wsc.edu/,www.wscwildcats.com/
358,University of West Alabama,II,858,Gulf South Conference,www.uwa.edu/,www.uwaathletics.com
765,West Chester University of Pennsylvania,II,906,Pennsylvania State Athletic Conference,www.wcupa.edu/,www.wcupagoldenrams.com
11740,University of West Florida,II,858,Gulf South Conference,www.uwf.edu,www.goargos.com
766,University of West Georgia,II,920,Atlantic Sun Conference,www.westga.edu,www.uwgathletics.com
1438,West Liberty University,II,30183,Mountain East Conference,www.westliberty.edu,www.hilltoppersports.com
767,West Texas A&M University,II,868,Lone Star Conference,www.wtamu.edu,www.gobuffsgo.com
1439,West Virginia State University,II,30183,Mountain East Conference,www.wvstateu.edu,www.wvsuyellowjackets.com
9630,West Virginia Wesleyan College,II,30183,Mountain East Conference,wvwc.edu,wesleyanbobcats.com
2759,Western Colorado University,II,13128,Rocky Mountain Athletic Conference,www.western.edu,www.gomountaineers.com
1445,Western New Mexico University,II,868,Lone Star Conference,www.wnmu.edu,www.wnmumustangs.com
1446,Western Oregon University,II,30012,Great Northwest Athletic Conference,www.wou.edu,www.wouwolves.com
1448,Western Washington University,II,30012,Great Northwest Athletic Conference,www.wwu.edu/,www.wwuvikings.com
30209,Westminster University (Utah),II,13128,Rocky Mountain Athletic Conference,www.westminsteru.edu,www.westminstergriffins.com
30260,Westmont College,II,19591,Pacific West Conference,westmont.edu,athletics.westmont.edu
12799,Wheeling University,II,30183,Mountain East Conference,https://wheeling.edu/,wucardinals.com/
30120,William Jewell College,II,855,Great Lakes Valley Conference,www.jewell.edu,www.jewellcardinals.com
1460,Wilmington University (Delaware),II,28752,Central Atlantic Collegiate Conference,www.wilmu.edu/index.aspx,athletics.wilmu.edu/landing/index
1462,Wingate University,II,12850,South Atlantic Conference,wingate.edu,wingatebulldogs.com
790,Winona State University,II,12853,Northern Sun Intercollegiate Conference,www.winona.edu/,www.winonastatewarriors.com
791,Winston-Salem State University,II,832,Central Intercollegiate Athletic Association,www.wssu.edu,wssurams.com
799,University of Wisconsin-Parkside,II,854,Great Lakes Intercollegiate Athletic Conference,www.uwp.edu,www.parksiderangers.com
30154,Young Harris College,II,4423,Conference Carolinas,www.yhc.edu,www.yhcathletics.com
